{"_runtime":7287.395943042,"_timestamp":1.778968437259112e+09,"Overload Reward":-6.886250596668106,"_step":4280000,"Line Margin Reward":24.548298745155332,"charts/global_step":4280000,"Redispatch Reward":-1.0751055572958041,"charts/episodic_survival":0.005745701058201058,"Topology Reward":-6.099415204678362,"_wandb":{"runtime":7287}}