{"train/clipfrac_agent_2":0,"train/pg_loss_agent_2":-0.007285764676635153,"_step":15000000,"train/entropy_agent_2":0.7185920722782612,"_runtime":47644.148705073,"train/lr_critic":2.6666666666667064e-07,"train/entropy_agent_0":1.686648890376091,"train/approx_kl_agent_0":3.652106533318812e-05,"train/approx_kl_agent_2":1.4289305259557183e-05,"Overload Reward":-4.669175163078461,"train/lr_actor":2.6666666666667064e-07,"train/pg_loss_agent_1":-0.012364097940735518,"Topology Reward":-184.4526315789463,"train/frac_action_0_agent_1":0.28065,"charts/episodic_survival":0.20044642857142855,"train/clipfrac_agent_1":0,"train/frac_action_0_agent_2":0.49495,"train/clipfrac_agent_0":0,"_wandb":{"runtime":47644},"Redispatch Reward":-3.9224148886394685,"train/pg_loss_agent_0":-0.017028139904141426,"train/frac_action_0_agent_0":0.256825,"_timestamp":1.7796390789755008e+09,"train/approx_kl_agent_1":6.715500668062757e-06,"charts/global_step":15000000,"train/v_loss":0.006635706766246585,"Line Margin Reward":930.2471373891842,"train/explained_variance":0.06265540141784798,"train/entropy_agent_1":1.226919562369585}