{"_timestamp":1.7796430375714948e+09,"train/frac_action_0_agent_0":0.534825,"Redispatch Reward":-9.205027361348039,"train/approx_kl_agent_0":2.2922610095898675e-05,"train/frac_action_0_agent_1":0.069075,"train/lr_critic":2.6666666666667064e-07,"train/approx_kl_agent_1":2.0853256826104846e-05,"train/entropy_agent_1":1.796921619772911,"train/approx_kl_agent_2":1.704002621699674e-06,"charts/episodic_survival":0.5536458333333333,"train/pg_loss_agent_0":-0.008893373201135545,"_runtime":50162.542618537,"_wandb":{"runtime":50162},"train/pg_loss_agent_2":-0.006206776743056253,"charts/global_step":15000000,"train/entropy_agent_0":0.8809170670807361,"train/entropy_agent_2":0.6169188294559718,"train/frac_action_0_agent_2":0.648225,"train/pg_loss_agent_1":-0.018132071755826474,"Topology Reward":-657.5771929824367,"train/clipfrac_agent_2":7.499999810534064e-06,"train/explained_variance":0.017805550095303158,"Overload Reward":-10.601518126794144,"train/lr_actor":2.6666666666667064e-07,"train/clipfrac_agent_0":0,"train/clipfrac_agent_1":0,"train/v_loss":0.006354482878972097,"Line Margin Reward":2613.3952499279976,"_step":15000000}