{"_wandb":{"runtime":15665},"Overload Reward":-5.012123027195533,"Line Margin Reward":-0.840604035059611,"_step":3220000,"_timestamp":1.7789594071096609e+09,"_runtime":15665.762365417,"Topology Reward":-1.0350877192982455,"charts/episodic_survival":0.00016534391534391533,"charts/global_step":3220000,"Redispatch Reward":-1.000554822346506}