{"train/clipfrac_agent_2":0.06539750012379955,"train/clipfrac_agent_1":0.0772100002704974,"train/entropy_agent_2":1.1897522650659085,"train/clipfrac_agent_0":0.06926000003441005,"_wandb":{"runtime":54088},"train/frac_action_0_agent_2":0.29025,"train/lr_actor":5.813333333333333e-05,"Topology Reward":-359.08771929823916,"train/approx_kl_agent_1":0.006857191346148284,"train/approx_kl_agent_2":0.005557577155017498,"_timestamp":1.779023002778662e+09,"Overload Reward":-14.819328575443555,"charts/episodic_survival":0.29174933862433866,"train/pg_loss_agent_1":-0.029912021243944764,"train/entropy_agent_0":2.0634208381175996,"train/frac_action_0_agent_0":0.156375,"train/lr_critic":5.813333333333333e-05,"train/v_loss":0.03233735315831533,"train/entropy_agent_1":2.2841894939541816,"_step":25160000,"_runtime":54088.734390167,"Line Margin Reward":1357.6745685021085,"train/pg_loss_agent_2":-0.0166993558726972,"Redispatch Reward":-5.831836886859189,"train/frac_action_0_agent_1":0.07955,"train/pg_loss_agent_0":-0.026427237258758396,"train/approx_kl_agent_0":0.006387832764435425,"train/explained_variance":0.3045299352635432,"charts/global_step":25160000}