{"_timestamp":1.7796370334724796e+09,"train/frac_action_0_agent_2":0.377575,"train/frac_action_0_agent_1":0.0692,"charts/global_step":15000000,"train/pg_loss_agent_2":-0.005688388101407327,"charts/episodic_survival":0.3672247023809524,"_runtime":44158.544664203,"train/approx_kl_agent_0":1.9363225435165e-05,"Topology Reward":-623.5315789473528,"_wandb":{"runtime":44158},"train/approx_kl_agent_2":1.6726555670649666e-05,"Redispatch Reward":-6.310566878283862,"train/explained_variance":0.6611569661283911,"train/entropy_agent_2":0.5586720235645771,"train/pg_loss_agent_1":-0.02418987968703732,"train/clipfrac_agent_2":0,"train/frac_action_0_agent_0":0.286625,"train/pg_loss_agent_0":-0.010507220379076898,"Overload Reward":-36.79510863838186,"train/approx_kl_agent_1":9.660408648064396e-06,"_step":15000000,"train/clipfrac_agent_1":0,"train/v_loss":0.014364117295917822,"train/clipfrac_agent_0":0,"train/entropy_agent_1":2.4041771188378336,"Line Margin Reward":1752.6353525881782,"train/entropy_agent_0":1.0438856951892377,"train/lr_critic":2.6666666666667064e-07,"train/lr_actor":2.6666666666667064e-07}