{"Overload Reward":-5.337566049396992,"_wandb":{"runtime":40535},"train/entropy_agent_0":1.7523738108575344,"train/v_loss":0.023173657500592526,"Topology Reward":-1.1982456140350877,"_timestamp":1.7796312165265882e+09,"train/approx_kl_agent_2":0.0031802957391050767,"train/entropy_agent_2":0.6871400717645884,"Redispatch Reward":-1.0058490334195085,"train/clipfrac_agent_1":0.06002250035780889,"_step":12240000,"train/approx_kl_agent_1":0.004907617979509382,"train/entropy_agent_1":1.341829490661621,"_runtime":40535.119644008,"train/pg_loss_agent_1":-0.01747287331963889,"train/lr_critic":1.8933333333333337e-05,"train/frac_action_0_agent_2":0.503875,"train/approx_kl_agent_0":0.006503123873434902,"train/lr_actor":1.8933333333333337e-05,"charts/episodic_survival":0.0003720238095238095,"train/explained_variance":0.34281905446814154,"train/pg_loss_agent_0":-0.02106776867294684,"train/clipfrac_agent_2":0.028410000001349543,"train/frac_action_0_agent_1":0.309875,"train/pg_loss_agent_2":-0.009413358473102562,"Line Margin Reward":0.05648730278015136,"charts/global_step":12240000,"train/clipfrac_agent_0":0.053589999970427016,"train/frac_action_0_agent_0":0.232325}