{"Redispatch Reward":-5.642873543582391,"_wandb":{"runtime":44370},"train/frac_action_0_agent_0":0.9031,"train/explained_variance":0.3494777802297836,"train/approx_kl_agent_2":1.6021063875104602e-06,"charts/global_step":15000000,"Overload Reward":-5.290249725626017,"train/v_loss":0.023575073387473822,"train/pg_loss_agent_2":-0.00099398184720485,"train/clipfrac_agent_2":0,"train/approx_kl_agent_1":7.638703164375427e-06,"train/clipfrac_agent_0":0,"train/entropy_agent_1":1.298137729614973,"Line Margin Reward":1632.4048157501213,"train/lr_actor":2.6666666666667064e-07,"train/pg_loss_agent_0":-0.0020466624446271453,"train/lr_critic":2.6666666666667064e-07,"Topology Reward":-327.61403508771565,"_timestamp":1.779634974503006e+09,"_runtime":44370.661704966,"train/clipfrac_agent_1":0,"train/approx_kl_agent_0":9.201392476320672e-07,"train/entropy_agent_2":0.08647228633053601,"train/frac_action_0_agent_2":0.860625,"train/frac_action_0_agent_1":0.118225,"train/entropy_agent_0":0.20019956985488535,"train/pg_loss_agent_1":-0.013079763791756705,"charts/episodic_survival":0.33882688492063495,"_step":15000000}