{"Overload Reward":-7.432124232544448,"charts/global_step":15000000,"train/approx_kl_agent_2":9.799861014945372e-06,"train/explained_variance":0.47880955966859773,"_wandb":{"runtime":37477},"Topology Reward":-92.22105263158012,"charts/episodic_survival":0.08178323412698413,"train/approx_kl_agent_1":2.6458345511613714e-05,"train/frac_action_0_agent_2":0.58645,"train/frac_action_0_agent_0":0.355575,"train/lr_actor":2.6666666666667064e-07,"Redispatch Reward":-2.6392266871756873,"_timestamp":1.7796537143898435e+09,"train/pg_loss_agent_1":-0.021767204045318067,"train/v_loss":0.037850649257112914,"train/frac_action_0_agent_1":0.314875,"train/pg_loss_agent_2":-0.01160003513796255,"train/entropy_agent_1":1.0785607077181338,"train/entropy_agent_0":1.1345241636037826,"train/entropy_agent_2":0.5704801965504884,"train/clipfrac_agent_2":0,"train/lr_critic":2.6666666666667064e-07,"_runtime":37477.711412844,"train/clipfrac_agent_1":0,"_step":15000000,"Line Margin Reward":379.9864333171843,"train/approx_kl_agent_0":5.67944011321396e-05,"train/clipfrac_agent_0":0,"train/pg_loss_agent_0":-0.022860034403856845}