{"train/explained_variance":0.0768803520548289,"Redispatch Reward":-7.616945677780313,"train/entropy_agent_2":1.240746681690216,"train/pg_loss_agent_2":-0.012453736029565335,"train/entropy_agent_1":1.3159489262104034,"train/approx_kl_agent_2":1.1530005929988319e-06,"train/frac_action_0_agent_0":0.0234,"_step":15000000,"train/approx_kl_agent_1":1.4207094914012175e-06,"train/pg_loss_agent_0":-0.02409561075270176,"train/clipfrac_agent_1":0,"Line Margin Reward":1896.814675672054,"_wandb":{"runtime":50468},"train/frac_action_0_agent_1":0.19745,"charts/episodic_survival":0.4044022817460317,"Topology Reward":-561.9719298245315,"_timestamp":1.7796701997347152e+09,"train/approx_kl_agent_0":2.9881754716831745e-06,"Overload Reward":-9.73535352328563,"train/lr_critic":1.3333333333332976e-07,"train/clipfrac_agent_0":0,"train/v_loss":0.022010155518461638,"train/entropy_agent_0":2.3907094049453734,"charts/global_step":15000000,"train/frac_action_0_agent_2":0.3296,"train/clipfrac_agent_2":0,"train/lr_actor":1.3333333333332976e-07,"train/pg_loss_agent_1":-0.013191612595692277,"_runtime":50468.870973621}