{"train/lr_actor":2.6666666666667064e-07,"charts/global_step":15000000,"_wandb":{"runtime":51620},"train/entropy_agent_1":1.850881038606167,"Topology Reward":-623.6491228069895,"train/clipfrac_agent_1":0,"train/pg_loss_agent_0":-0.01659834712045267,"train/entropy_agent_0":1.6504679955542088,"charts/episodic_survival":0.4666542658730159,"Redispatch Reward":-9.704620004119352,"_runtime":51620.641141778,"train/explained_variance":0.007771614012703543,"train/pg_loss_agent_1":-0.018584231741260736,"Line Margin Reward":2193.6213250632286,"train/clipfrac_agent_0":0,"train/frac_action_0_agent_1":0.14105,"train/frac_action_0_agent_2":0.299475,"_timestamp":1.7796445048067787e+09,"train/entropy_agent_2":1.2033235497772694,"train/approx_kl_agent_0":9.263396267271407e-06,"train/lr_critic":2.6666666666667064e-07,"train/approx_kl_agent_2":1.6360070688755616e-05,"_step":15000000,"train/approx_kl_agent_1":6.169830996447315e-06,"train/v_loss":0.019899529966399616,"train/frac_action_0_agent_0":0.201375,"train/pg_loss_agent_2":-0.012110623880289495,"train/clipfrac_agent_2":0,"Overload Reward":-11.945608733192966}