{"train/frac_action_0_agent_2":0.23355,"train/approx_kl_agent_2":4.498821465273961e-05,"train/lr_critic":2.6666666666667064e-07,"train/entropy_agent_1":1.2751161873340606,"Overload Reward":-19.668765402783116,"train/clipfrac_agent_1":0,"Topology Reward":-588.4491228069948,"train/approx_kl_agent_0":1.05299639581449e-05,"_timestamp":1.7796403457676325e+09,"train/approx_kl_agent_1":5.59794448680772e-05,"train/pg_loss_agent_2":-0.019047158234752715,"train/lr_actor":2.6666666666667064e-07,"train/pg_loss_agent_1":-0.02571089775301516,"_step":15000000,"train/clipfrac_agent_0":0,"train/explained_variance":0.07957212457191687,"Line Margin Reward":2113.3891474614143,"train/frac_action_0_agent_0":0.0666,"charts/global_step":15000000,"train/entropy_agent_2":0.9454464584589004,"train/v_loss":0.023333580722586098,"charts/episodic_survival":0.45656001984126987,"Redispatch Reward":-8.992923380533465,"_runtime":47467.116783148,"train/frac_action_0_agent_1":0.296775,"train/entropy_agent_0":2.726143276691437,"train/pg_loss_agent_0":-0.054716905625537035,"train/clipfrac_agent_2":0,"_wandb":{"runtime":47467}}