{"train/lr_actor":2.6666666666667064e-07,"_runtime":39941.73252142,"train/lr_critic":2.6666666666667064e-07,"train/frac_action_0_agent_0":0.154025,"train/clipfrac_agent_1":0,"train/pg_loss_agent_0":-0.017709257057867946,"_wandb":{"runtime":39941},"charts/global_step":15000000,"train/frac_action_0_agent_2":0.41545,"train/pg_loss_agent_1":-0.003845263313269243,"train/entropy_agent_0":1.7566741235554217,"_step":15000000,"Overload Reward":-6.456505358544382,"Redispatch Reward":-4.510354758007452,"Line Margin Reward":1154.0709224843981,"train/explained_variance":0.5135184906978851,"train/clipfrac_agent_0":0,"train/clipfrac_agent_2":0,"_timestamp":1.7796604838368866e+09,"train/pg_loss_agent_2":-0.009192617062944919,"train/frac_action_0_agent_1":0.655075,"train/approx_kl_agent_2":1.8185349256072403e-05,"train/entropy_agent_1":0.37891693487763406,"train/entropy_agent_2":0.9089994482696057,"train/approx_kl_agent_0":1.6196535101742002e-05,"Topology Reward":-326.52456140350483,"train/v_loss":0.02416241732620013,"train/approx_kl_agent_1":1.0016945417578097e-05,"charts/episodic_survival":0.24521329365079367}