{"train/explained_variance":0.12881542641030075,"Line Margin Reward":2130.2320514249814,"Redispatch Reward":-6.944404537806986,"train/pg_loss_agent_0":-0.011511698842514306,"train/entropy_agent_1":1.34446462392807,"_step":15000000,"train/approx_kl_agent_2":1.5181640016963759e-05,"Topology Reward":-525.7456140350694,"train/frac_action_0_agent_0":0.270975,"_wandb":{"runtime":48909},"_runtime":48909.733126927,"train/clipfrac_agent_1":0,"train/lr_critic":2.6666666666667064e-07,"train/frac_action_0_agent_1":0.218875,"train/entropy_agent_0":1.1406347721815109,"train/clipfrac_agent_0":0,"charts/episodic_survival":0.4408978174603175,"train/pg_loss_agent_1":-0.013623973954236136,"train/v_loss":0.02217297509147708,"_timestamp":1.7796676958908412e+09,"train/approx_kl_agent_0":3.941687757433084e-05,"train/clipfrac_agent_2":0,"Overload Reward":-10.576318807615099,"train/lr_actor":2.6666666666667064e-07,"train/frac_action_0_agent_2":0.4663,"train/entropy_agent_2":0.8782955732196569,"train/approx_kl_agent_1":1.4715764145735617e-05,"train/pg_loss_agent_2":-0.008881846640724689,"charts/global_step":15000000}