{"Redispatch Reward":-9.414576852571917,"train/approx_kl_agent_2":2.1994447764426237e-06,"train/clipfrac_agent_1":0,"train/lr_critic":1.6000000000000458e-07,"train/clipfrac_agent_2":0,"Overload Reward":-9.02604094522967,"train/frac_action_0_agent_2":0.272675,"train/entropy_agent_0":1.4723285183310508,"Topology Reward":-672.0701754385711,"train/approx_kl_agent_0":2.286313611163382e-06,"train/approx_kl_agent_1":5.298230059763709e-07,"train/pg_loss_agent_1":-0.006162198132369667,"Line Margin Reward":2770.7695265645993,"_timestamp":1.7796159183169053e+09,"_wandb":{"runtime":71973},"train/entropy_agent_2":1.2485897243022919,"train/pg_loss_agent_0":-0.014799101930111646,"train/pg_loss_agent_2":-0.012524301011580974,"train/entropy_agent_1":0.6157714039087295,"_runtime":71973.86297287,"train/frac_action_0_agent_0":0.265625,"charts/episodic_survival":0.5825520833333333,"_step":25000000,"train/explained_variance":0.20176736196694334,"train/clipfrac_agent_0":0,"train/frac_action_0_agent_1":0.5234,"train/lr_actor":1.6000000000000458e-07,"train/v_loss":0.019108057542083164,"charts/global_step":25000000}